"";"FreqNdx";"order";"order_Freq";"date";"date_Freq";"customer";"customer_Freq";"item";"item_Freq";"amount";"amount_Freq";"quantity";"quantity_Freq";"price";"price_Freq"
"1";1;"11110084188";33;"2020/01/01";446;"11ELECOM1035";100;"107";108;"0";28777;"1";61046;"0";28777
"2";2;"11110001950";16;"2020/01/02";744;"11ELECOM1259";61;"110";117;"0.42";1;"2";1475;"0.21";1
"3";3;"11110005707";16;"2020/01/03";925;"11ELECOM356";50;"149";60;"3.25";192;"3";209;"3.25";229
"4";4;"11110076314";16;"2020/01/04";200;"11ELECOM439";48;"154";121;"3.33";1;"4";78;"3.33";1
"5";5;"11110010271";14;"2020/01/05";233;"11ELECOM482";46;"155";91;"3.42";13;"5";24;"3.42";13
"6";6;"11110063699";14;"2020/01/06";252;"11ELECOM1861";41;"159";49;"3.5";15;"6";16;"3.5";16
"7";7;"11110010675";12;"2020/01/07";470;"11ELECOM15504";40;"164";111;"3.58";4;"7";2;"3.58";4
"8";8;"11110028974";12;"2020/01/08";1060;"11ELECOM18967";35;"166";193;"3.75";20;"8";9;"3.583333333";1
"9";9;"11110029589";12;"2020/01/09";280;"11ELECOM2906";34;"167";217;"4.17";2;"9";2;"3.585";1
"10";10;"11110029678";12;"2020/01/10";528;"11ELECOM207";33;"169";212;"4.33";35;"10";17;"3.625";1
"11";11;"11110029805";12;"2020/01/11";935;"11ELECOM3784";33;"170";347;"4.5";1;"11";1;"3.75";21
"12";12;"11110029819";12;"2020/01/12";502;"11ELECOM44964";33;"172";12;"4.58";91;"20";2;"3.85";1
"13";13;"11110030130";12;"2020/02/01";396;"11ELECOM15875";32;"173";723;"5";32;;;"4.17";2
"14";14;"11110062987";12;"2020/02/02";540;"11ELECOM771";32;"174";319;"5.17";7;;;"4.33";35
"15";15;"11110063348";12;"2020/02/03";1117;"11ELECOM14465";31;"175";14;"5.42";14;;;"4.5";1
"16";16;"11110075520";12;"2020/02/04";174;"11ELECOM14553";31;"176";106;"5.67";4;;;"4.58";91
"17";17;"11110091375";12;"2020/02/05";255;"11ELECOM16766";31;"178";16;"5.75";38;;;"4.583333333";1
"18";18;"11110095433";12;"2020/02/06";291;"11ELECOM1311";29;"179";255;"5.83";577;;;"4.585";3
"19";19;"11110095676";12;"2020/02/07";263;"11ELECOM3724";29;"182";339;"6";133;;;"5";41
"20";20;"11110005375";11;"2020/02/08";395;"11ELECOM1093";28;"183";231;"6.08";3;;;"5.17";7
"21";21;"11110024956";11;"2020/02/09";270;"11ELECOM21429";28;"184";345;"6.25";17;;;"5.42";14
"22";22;"11110029242";11;"2020/02/10";431;"11ELECOM3010";28;"185";80;"6.42";14;;;"5.67";4
"23";23;"11110029284";11;"2020/02/11";824;"11ELECOM21459";27;"186";63;"6.5";19;;;"5.75";42
"24";24;"11110029638";11;"2020/02/12";555;"11ELECOM241";27;"189";510;"7";12;;;"5.83";577
"25";25;"11110029652";11;"2020/03/01";491;"11ELECOM3645";27;"194";253;"7.08";63;;;"5.8325";1
"26";26;"11110029949";11;"2020/03/02";486;"11ELECOM5350";27;"197";150;"7.17";1;;;"5.833";2
"27";27;"11110030065";11;"2020/03/03";850;"11ELECOM5665";27;"20old";1;"7.25";73;;;"5.833333333";7
"28";28;"11110030243";11;"2020/03/04";182;"11ELECOM8977";27;"210";1;"7.5";150;;;"5.834";2
"29";29;"11110038079";11;"2020/03/05";220;"11ELECOM11677";26;"211";106;"7.58";2;;;"5.835";35
"30";30;"11110047391";11;"2020/03/06";250;"11ELECOM27124";26;"212";41;"7.67";10;;;"6";147
"31";31;"11110048378";11;"2020/03/07";413;"11ELECOM19768";25;"213";139;"7.83";10;;;"6.08";3
"32";32;"11110048679";11;"2020/03/08";326;"11ELECOM20626";25;"214";66;"8.33";225;;;"6.25";18
"33";33;"11110053094";11;"2020/03/09";298;"11ELECOM24137";25;"217";78;"9";1;;;"6.415";2
"34";34;"11110053639";11;"2020/03/10";457;"11ELECOM2910";25;"218";91;"9.17";49;;;"6.416666667";2
"35";35;"11110076835";11;"2020/03/11";722;"11ELECOM2955";25;"219";4;"9.25";9;;;"6.42";14
"36";36;"11110090113";11;"2020/03/12";623;"11ELECOM3937";25;"220";159;"9.5";27;;;"7";11
"37";37;"11110094522";11;"2020/04/01";523;"11ELECOM44655";25;"221";17;"9.58";14;;;"7.08";63
"38";38;"11110095511";11;"2020/04/02";454;"11ELECOM16663";24;"225";294;"9.75";4;;;"7.0825";1
"39";39;"11110005385";10;"2020/04/03";1187;"11ELECOM18715";24;"226";355;"9.83";1;;;"7.083";1
"40";40;"11110005486";10;"2020/04/04";199;"11ELECOM18909";24;"227";158;"10";246;;;"7.083333333";1
"41";41;"11110005737";10;"2020/04/05";212;"11ELECOM29418";24;"228";367;"10.08";25;;;"7.085";2
"42";42;"11110005800";10;"2020/04/06";207;"11ELECOM3043";24;"229";40;"10.42";2;;;"7.25";77
"43";43;"11110011746";10;"2020/04/07";379;"11ELECOM5172";24;"230";116;"10.5";21;;;"7.5";175
"44";44;"11110011765";10;"2020/04/08";312;"11ELECOM7455";24;"231";272;"10.67";4;;;"7.58";2
"45";45;"11110028953";10;"2020/04/09";363;"11ELECOM13030";23;"232";6;"10.75";1;;;"7.67";10
"46";46;"11110029394";10;"2020/04/10";627;"11ELECOM1895";23;"233";66;"10.83";14;;;"7.83";10
"47";47;"11110029629";10;"2020/04/11";612;"11ELECOM19748";23;"241";158;"11";4;;;"7.835";1
"48";48;"11110029726";10;"2020/04/12";742;"11ELECOM31572";23;"243";346;"11.08";15;;;"8.33";225
"49";49;"11110030232";10;"2020/05/01";406;"11ELECOM4229";23;"255";224;"11.5";20;;;"8.3325";2
"50";50;"11110030678";10;"2020/05/02";532;"11ELECOM6877";23;"260";76;"11.67";109;;;"8.333333333";9
"51";51;"11110038010";10;"2020/05/03";1251;"11ELECOM9991";23;"262";331;"12";15;;;"8.334";1
"52";52;"11110038267";10;"2020/05/04";185;"11ELECOM13437";22;"264";85;"12.33";3;;;"8.335";19
"53";53;"11110052297";10;"2020/05/05";202;"11ELECOM14470";22;"265";302;"12.5";30;;;"9";1
"54";54;"11110052981";10;"2020/05/06";232;"11ELECOM3092";22;"267";464;"12.67";2;;;"9.165";1
"55";55;"11110062678";10;"2020/05/07";360;"11ELECOM4232";22;"269";289;"12.83";2;;;"9.17";46
"56";56;"11110068704";10;"2020/05/08";327;"11ELECOM5208";22;"26970";22;"13";6;;;"9.25";9
"57";57;"11110075514";10;"2020/05/09";374;"11ELECOM5306";22;"271";240;"13.08";15;;;"9.5";29
"58";58;"11110077677";10;"2020/05/10";455;"11ELECOM7138";22;"273";286;"13.33";31;;;"9.58";14
"59";59;"11110083485";10;"2020/05/11";522;"11ELECOM12151";21;"274";302;"13.75";78;;;"9.583333333";1
"60";60;"11110084214";10;"2020/05/12";734;"11ELECOM12388";21;"280";9;"13.8";1;;;"9.83";1
"61";61;"11110000963";9;"2020/06/01";355;"11ELECOM20580";21;"281";200;"14";98;;;"10";304
"62";62;"11110002223";9;"2020/06/02";532;"11ELECOM2683";21;"283";126;"14.16";15;;;"10.08";25
"63";63;"11110003597";9;"2020/06/03";1173;"11ELECOM3382";21;"285";72;"14.17";11;;;"10.42";2
"64";64;"11110005329";9;"2020/06/04";155;"11ELECOM3783";21;"289";90;"14.25";25;;;"10.5";23
"65";65;"11110005382";9;"2020/06/05";316;"11ELECOM44759";21;"290";169;"14.5";4;;;"10.67";4
"66";66;"11110005430";9;"2020/06/06";279;"11ELECOM5111";21;"297";23;"14.58";63;;;"10.83";14
"67";67;"11110005434";9;"2020/06/07";319;"11ELECOM5147";21;"302";241;"14.83";4;;;"10.835";2
"68";68;"11110005471";9;"2020/06/08";203;"11ELECOM5871";21;"320";79;"15";131;;;"11";4
"69";69;"11110005497";9;"2020/06/09";346;"11ELECOM6085";21;"338";52;"15.17";3;;;"11.08";15
"70";70;"11110005584";9;"2020/06/10";449;"11ELECOM6486";21;"339";26;"15.42";133;;;"11.5";18
"71";71;"11110005587";9;"2020/06/11";481;"11ELECOM6968";21;"340";75;"15.5";12;;;"11.665";4
"72";72;"11110005649";9;"2020/06/12";596;"11ELECOM12240";20;"341";71;"15.67";1;;;"11.66666667";2
"73";73;"11110005756";9;"2020/07/01";349;"11ELECOM1329";20;"349";174;"15.83";71;;;"11.6675";1
"74";74;"11110007231";9;"2020/07/02";798;"11ELECOM16566";20;"351";73;"15.94";1;;;"11.67";74
"75";75;"11110007339";9;"2020/07/03";570;"11ELECOM16664";20;"352";21;"16.04";24;;;"12";3
"76";76;"11110011157";9;"2020/07/04";160;"11ELECOM1676";20;"400";17;"16.25";10;;;"12.33";3
"77";77;"11110011719";9;"2020/07/05";254;"11ELECOM19773";20;"401";84;"16.5";22;;;"12.5";31
"78";78;"11110011744";9;"2020/07/06";275;"11ELECOM31619";20;"40200";152;"16.67";846;;;"12.67";2
"79";79;"11110011789";9;"2020/07/07";308;"11ELECOM4271";20;"40401";90;"17.5";328;;;"13.08";15
"80";80;"11110011796";9;"2020/07/08";484;"11ELECOM5274";20;"40410";89;"17.67";1;;;"13.33";31
"81";81;"11110011802";9;"2020/07/09";442;"11ELECOM6060";20;"40610";7;"17.71";23;;;"13.75";87
"82";82;"11110011859";9;"2020/07/10";825;"11ELECOM7577";20;"41997";5;"18";2;;;"13.8";1
"83";83;"11110011862";9;"2020/07/11";725;"11ELECOM12412";19;"41998";4;"18.33";99;;;"14";106
"84";84;"11110028982";9;"2020/07/12";577;"11ELECOM14193";19;"41999";11;"18.75";1852;;;"14.16";15
"85";85;"11110029031";9;"2020/08/01";515;"11ELECOM14219";19;"440";21;"18.92";4;;;"14.166";1
"86";86;"11110029043";9;"2020/08/02";658;"11ELECOM16460";19;"445";4;"18.96";25;;;"14.17";9
"87";87;"11110029067";9;"2020/08/03";482;"11ELECOM16531";19;"4464";1;"19";2;;;"14.25";26
"88";88;"11110029156";9;"2020/08/04";128;"11ELECOM20838";19;"448";8;"19.17";69;;;"14.58";63
"89";89;"11110029191";9;"2020/08/05";229;"11ELECOM2256";19;"464";1117;"19.25";2;;;"14.584";1
"90";90;"11110029228";9;"2020/08/06";298;"11ELECOM2663";19;"470";154;"19.5";1;;;"14.585";8
"91";91;"11110029467";9;"2020/08/07";324;"11ELECOM3814";19;"478";1627;"19.58";8;;;"14.83";4
"92";92;"11110029497";9;"2020/08/08";414;"11ELECOM3825";19;"48040";4;"19.83";5;;;"15";123
"93";93;"11110029564";9;"2020/08/09";394;"11ELECOM5315";19;"48054";24;"20";536;;;"15.17";3
"94";94;"11110029567";9;"2020/08/10";342;"11ELECOM7223";19;"48081";1;"20.17";13;;;"15.415";12
"95";95;"11110029655";9;"2020/08/11";328;"11ELECOM7899";19;"48163";13;"20.83";1082;;;"15.4175";3
"96";96;"11110029658";9;"2020/08/12";505;"11ELECOM7973";19;"48167";20;"21";2;;;"15.42";133
"97";97;"11110029724";9;"2020/09/01";438;"11ELECOM12193";18;"48250";21;"21.25";1;;;"15.5";13
"98";98;"11110029821";9;"2020/09/02";655;"11ELECOM13132";18;"48255";8;"21.33";1;;;"15.83";71
"99";99;"11110029827";9;"2020/09/03";497;"11ELECOM13792";18;"48256";3;"21.67";74;;;"15.83285714";1
"100";100;"11110029957";9;"2020/09/04";146;"11ELECOM14261";18;"48258";27;"21.75";7;;;"15.83333333";3
"101";101;"11110030106";9;"2020/09/05";246;"11ELECOM1459";18;"48265";57;"22.33";1;;;"15.835";5
"102";102;"11110030184";9;"2020/09/06";344;"11ELECOM16675";18;"48272";7;"22.5";13;;;"15.94";1
"103";103;"11110030242";9;"2020/09/07";253;"11ELECOM17117";18;"48305";4;"22.92";196;;;"16.04";24
"104";104;"11110030390";9;"2020/09/08";477;"11ELECOM19434";18;"48306";6;"23";33;;;"16.25";9
"105";105;"11110030421";9;"2020/09/09";470;"11ELECOM26973";18;"48439";37;"23.33";209;;;"16.5";22
"106";106;"11110030534";9;"2020/09/10";364;"11ELECOM27564";18;"48440";34;"23.58";3;;;"16.665";83
"107";107;"11110034458";9;"2020/09/11";322;"11ELECOM28452";18;"48441";85;"23.75";212;;;"16.666";2
"108";108;"11110043749";9;"2020/09/12";495;"11ELECOM30443";18;"48442";34;"24";2;;;"16.66666667";14
"109";109;"11110047023";9;"2020/10/01";424;"11ELECOM31611";18;"48443";118;"24.17";52;;;"16.667";1
"110";110;"11110048569";9;"2020/10/02";562;"11ELECOM3417";18;"48444";86;"24.42";1;;;"16.6675";4
"111";111;"11110052306";9;"2020/10/03";632;"11ELECOM6197";18;"485";165;"24.58";649;;;"16.67";840
"112";112;"11110052557";9;"2020/10/04";171;"11ELECOM6609";18;"486";65;"24.67";2;;;"17.5";359
"113";113;"11110053145";9;"2020/10/05";224;"11ELECOM6757";18;"487";623;"25";1959;;;"17.67";1
"114";114;"11110053150";9;"2020/10/06";243;"11ELECOM8058";18;"488";88;"25.42";1;;;"17.71";24
"115";115;"11110054230";9;"2020/10/07";328;"11ELECOM14288";17;"48800";48;"25.83";492;;;"18";1
"116";116;"11110063042";9;"2020/10/08";490;"11ELECOM14307";17;"48801";287;"26";6;;;"18.33";98
"117";117;"11110063166";9;"2020/10/09";456;"11ELECOM17218";17;"48802";41;"26.42";2;;;"18.33333333";5
"118";118;"11110063503";9;"2020/10/10";329;"11ELECOM18838";17;"48803";69;"26.67";372;;;"18.334";2
"119";119;"11110075190";9;"2020/10/11";232;"11ELECOM211";17;"48804";160;"27.08";137;;;"18.335";13
"120";120;"11110075354";9;"2020/10/12";425;"11ELECOM23423";17;"48805";171;"27.17";2;;;"18.75";1966
"121";121;"11110075556";9;"2020/11/01";378;"11ELECOM23915";17;"48807";56;"27.33";24;;;"18.92";4
"122";122;"11110083738";9;"2020/11/02";580;"11ELECOM26200";17;"48808";31;"27.5";127;;;"18.96";26
"123";123;"11110091330";9;"2020/11/03";419;"11ELECOM26465";17;"48809";25;"27.92";47;;;"19.165";7
"124";124;"11110095091";9;"2020/11/04";142;"11ELECOM28832";17;"48810";9;"28";6;;;"19.1675";2
"125";125;"11110095516";9;"2020/11/05";214;"11ELECOM28856";17;"48811";8;"28.33";732;;;"19.17";69
"126";126;"11110095894";9;"2020/11/06";224;"11ELECOM2976";17;"48812";15;"28.5";1;;;"19.5";1
"127";127;"11110002172";8;"2020/11/07";296;"11ELECOM3972";17;"48813";220;"28.67";9;;;"19.58";8
"128";128;"11110004015";8;"2020/11/08";424;"11ELECOM4032";17;"48814";202;"28.75";378;;;"19.585";3
"129";129;"11110005356";8;"2020/11/09";389;"11ELECOM4121";17;"48815";195;"29";1;;;"19.83";5
"130";130;"11110005368";8;"2020/11/10";274;"11ELECOM47893";17;"48816";168;"29.17";1112;;;"20";535
"131";131;"11110005391";8;"2020/11/11";451;"11ELECOM4916";17;"48817";225;"29.58";151;;;"20.165";1
"132";132;"11110005397";8;"2020/11/12";458;"11ELECOM5268";17;"48818";167;"29.75";37;;;"20.17";13
"133";133;"11110005427";8;"2020/12/01";456;"11ELECOM5371";17;"48819";429;"30";357;;;"20.83";1087
"134";134;"11110005438";8;"2020/12/02";874;"11ELECOM6074";17;"48821";78;"30.12";8;;;"20.8325";3
"135";135;"11110005442";8;"2020/12/03";558;"11ELECOM6976";17;"48822";28;"30.42";62;;;"20.83333333";4
"136";136;"11110005447";8;"2020/12/04";144;"11ELECOM9061";17;"48824";154;"30.83";496;;;"20.83363636";1
"137";137;"11110005556";8;"2020/12/05";214;"11ELECOM11532";16;"48825";30;"31";1;;;"20.83375";1
"138";138;"11110005557";8;"2020/12/06";352;"11ELECOM12432";16;"48826";123;"31.25";28;;;"20.835";76
"139";139;"11110005592";8;"2020/12/07";338;"11ELECOM12620";16;"48827";261;"31.67";272;;;"21.33";1
"140";140;"11110005593";8;"2020/12/08";481;"11ELECOM12695";16;"48828";78;"32.08";703;;;"21.665";8
"141";141;"11110005594";8;"2020/12/09";390;"11ELECOM12837";16;"48830";22;"32.5";555;;;"21.67";74
"142";142;"11110005596";8;"2020/12/10";306;"11ELECOM12844";16;"48831";17;"32.67";1;;;"21.75";7
"143";143;"11110005604";8;"2020/12/11";372;"11ELECOM12915";16;"48832";1104;"32.92";555;;;"22.33";1
"144";144;"11110005615";8;"2020/12/12";535;"11ELECOM13364";16;"48834";185;"33";1;;;"22.5";9
"145";145;"11110005621";8;;;"11ELECOM1405";16;"48835";46;"33.25";438;;;"22.915";20
"146";146;"11110005641";8;;;"11ELECOM14144";16;"48836";197;"33.33";673;;;"22.91666667";2
"147";147;"11110005663";8;;;"11ELECOM14413";16;"48837";44;"33.34";8;;;"22.91714286";1
"148";148;"11110005664";8;;;"11ELECOM14516";16;"48838";173;"34.17";3;;;"22.92";196
"149";149;"11110005695";8;;;"11ELECOM1465";16;"48839";48;"34.58";81;;;"23";34
"150";150;"11110005702";8;;;"11ELECOM1472";16;"48840";9;"34.71";4;;;"23.33";204
"151";151;"11110005721";8;;;"11ELECOM15357";16;"48841";4;"35";711;;;"23.3325";1
"152";152;"11110005730";8;;;"11ELECOM16133";16;"48842";132;"35.42";219;;;"23.33333333";1
"153";153;"11110005733";8;;;"11ELECOM16982";16;"48843";19;"35.83";281;;;"23.335";5
"154";154;"11110005755";8;;;"11ELECOM20312";16;"48844";37;"36";2;;;"23.58";3
"155";155;"11110005759";8;;;"11ELECOM2186";16;"48846";11;"36.67";17;;;"23.75";223
"156";156;"11110005794";8;;;"11ELECOM2632";16;"48847";40;"36.83";13;;;"24";2
"157";157;"11110005796";8;;;"11ELECOM26736";16;"48848";353;"37.5";515;;;"24.165";3
"158";158;"11110005803";8;;;"11ELECOM2734";16;"48849";328;"37.54";1;;;"24.17";53
"159";159;"11110005815";8;;;"11ELECOM2735";16;"48850";74;"37.92";1;;;"24.42";1
"160";160;"11110005822";8;;;"11ELECOM30317";16;"48851";67;"38";1;;;"24.58";650
"161";161;"11110005834";8;;;"11ELECOM30745";16;"48852";239;"38.33";134;;;"24.5825";1
"162";162;"11110007194";8;;;"11ELECOM31272";16;"48853";179;"38.5";1;;;"24.58333333";3
"163";163;"11110011156";8;;;"11ELECOM3380";16;"48854";200;"38.96";1;;;"24.585";24
"164";164;"11110011714";8;;;"11ELECOM3483";16;"48855";182;"39.17";125;;;"24.67";2
"165";165;"11110011715";8;;;"11ELECOM3684";16;"48856";185;"39.58";85;;;"25";2067
"166";166;"11110011717";8;;;"11ELECOM3818";16;"48857";24;"39.67";67;;;"25.42";1
"167";167;"11110011725";8;;;"11ELECOM3923";16;"48858";259;"40";100;;;"25.83";492
"168";168;"11110011742";8;;;"11ELECOM3996";16;"48859";93;"40.33";1;;;"25.8325";3
"169";169;"11110011755";8;;;"11ELECOM40100";16;"48860";121;"40.37";3;;;"25.83333333";1
"170";170;"11110011761";8;;;"11ELECOM4042";16;"48861";142;"40.42";1;;;"25.835";13
"171";171;"11110011771";8;;;"11ELECOM408";16;"48862";18;"40.83";981;;;"26";2
"172";172;"11110011773";8;;;"11ELECOM4388";16;"48863";311;"41.25";185;;;"26.42";2
"173";173;"11110011781";8;;;"11ELECOM4532";16;"48864";52;"41.62";84;;;"26.665";18
"174";174;"11110011800";8;;;"11ELECOM4735";16;"48866";15;"41.63";2;;;"26.66666667";4
"175";175;"11110011810";8;;;"11ELECOM5089";16;"48867";75;"41.66";4;;;"26.6675";2
"176";176;"11110011814";8;;;"11ELECOM5201";16;"48869";44;"41.67";262;;;"26.67";373
"177";177;"11110011840";8;;;"11ELECOM5594";16;"48870";34;"42";2;;;"27.08";137
"178";178;"11110011860";8;;;"11ELECOM6819";16;"48871";66;"42.08";1;;;"27.0825";1
"179";179;"11110011865";8;;;"11ELECOM7378";16;"48872";107;"42.5";86;;;"27.08333333";1
"180";180;"11110011873";8;;;"11ELECOM7675";16;"48873";48;"43.33";188;;;"27.085";8
"181";181;"11110011875";8;;;"11ELECOM11879";15;"48874";84;"43.75";163;;;"27.17";2
"182";182;"11110020934";8;;;"11ELECOM12198";15;"48875";25;"44.17";258;;;"27.33";24
"183";183;"11110021416";8;;;"11ELECOM1297";15;"48876";51;"45";3;;;"27.335";1
"184";184;"11110025852";8;;;"11ELECOM13515";15;"48877";58;"45.42";165;;;"27.5";128
"185";185;"11110028990";8;;;"11ELECOM13587";15;"48878";94;"45.83";760;;;"27.915";5
"186";186;"11110029003";8;;;"11ELECOM13674";15;"48879";73;"46";3;;;"27.92";49
"187";187;"11110029004";8;;;"11ELECOM14107";15;"48880";233;"46.67";45;;;"28.33";736
"188";188;"11110029020";8;;;"11ELECOM1413";15;"48881";273;"47.46";15;;;"28.33333333";6
"189";189;"11110029055";8;;;"11ELECOM14326";15;"48882";129;"47.5";31;;;"28.335";29
"190";190;"11110029077";8;;;"11ELECOM14857";15;"48883";59;"48.33";6;;;"28.67";9
"191";191;"11110029105";8;;;"11ELECOM15576";15;"48884";66;"48.34";1;;;"28.75";386
"192";192;"11110029107";8;;;"11ELECOM16280";15;"48885";64;"48.75";114;;;"29.165";47
"193";193;"11110029150";8;;;"11ELECOM16678";15;"48886";92;"49.16";1;;;"29.16666667";8
"194";194;"11110029196";8;;;"11ELECOM16693";15;"48887";100;"49.17";150;;;"29.1675";2
"195";195;"11110029197";8;;;"11ELECOM16841";15;"48888";111;"49.58";2;;;"29.17";1108
"196";196;"11110029209";8;;;"11ELECOM17256";15;"48889";89;"50";167;;;"29.58";151
"197";197;"11110029241";8;;;"11ELECOM18020";15;"48890";37;"50.01";3;;;"29.58333333";1
"198";198;"11110029275";8;;;"11ELECOM18737";15;"48891";59;"50.83";28;;;"29.585";2
"199";199;"11110029289";8;;;"11ELECOM19396";15;"48892";78;"51.67";76;;;"29.75";40
"200";200;"11110029334";8;;;"11ELECOM23579";15;"48893";98;"51.92";13;;;"30";356
"201";201;"11110029337";8;;;"11ELECOM24124";15;"48894";26;"52.08";255;;;"30.12";8
"202";202;"11110029356";8;;;"11ELECOM26329";15;"48895";35;"52.5";363;;;"30.415";1
"203";203;"11110029358";8;;;"11ELECOM280";15;"48896";29;"53.33";65;;;"30.42";62
"204";204;"11110029375";8;;;"11ELECOM2987";15;"48897";78;"53.34";1;;;"30.83";487
"205";205;"11110029419";8;;;"11ELECOM31147";15;"48898";88;"54.17";976;;;"30.8325";2
"206";206;"11110029432";8;;;"11ELECOM3263";15;"48899";42;"54.58";488;;;"30.83333333";13
"207";207;"11110029466";8;;;"11ELECOM34235";15;"48900";15;"54.67";1;;;"30.834";1
"208";208;"11110029510";8;;;"11ELECOM3827";15;"48901";127;"55";73;;;"30.835";32
"209";209;"11110029516";8;;;"11ELECOM3888";15;"48902";43;"55.5";25;;;"31.25";28
"210";210;"11110029526";8;;;"11ELECOM39095";15;"48903";192;"55.83";153;;;"31.665";11
"211";211;"11110029540";8;;;"11ELECOM3961";15;"48904";57;"55.84";2;;;"31.66666667";1
"212";212;"11110029548";8;;;"11ELECOM4006";15;"48905";49;"56.25";16;;;"31.6675";1
"213";213;"11110029550";8;;;"11ELECOM40074";15;"48906";32;"56.32";15;;;"31.67";267
"214";214;"11110029559";8;;;"11ELECOM40520";15;"48907";25;"56.66";3;;;"32.08";705
"215";215;"11110029560";8;;;"11ELECOM4181";15;"48908";102;"56.67";291;;;"32.08333333";1
"216";216;"11110029635";8;;;"11ELECOM4261";15;"48909";107;"57.08";78;;;"32.085";15
"217";217;"11110029647";8;;;"11ELECOM4334";15;"48910";59;"57.5";41;;;"32.5";568
"218";218;"11110029669";8;;;"11ELECOM4439";15;"48911";62;"58.33";51;;;"32.67";1
"219";219;"11110029674";8;;;"11ELECOM44934";15;"48912";49;"58.34";4;;;"32.915";18
"220";220;"11110029677";8;;;"11ELECOM479";15;"48913";140;"59.17";2;;;"32.91666667";2
"221";221;"11110029714";8;;;"11ELECOM5097";15;"48914";39;"59.5";3;;;"32.92";557
"222";222;"11110029718";8;;;"11ELECOM5174";15;"48915";49;"60";56;;;"33";1
"223";223;"11110029764";8;;;"11ELECOM5383";15;"48916";37;"60.21";7;;;"33.25";459
"224";224;"11110029765";8;;;"11ELECOM5460";15;"48935";37;"60.83";89;;;"33.33";589
"225";225;"11110029786";8;;;"11ELECOM6122";15;"48939";43;"61.67";57;;;"33.33333333";3
"226";226;"11110029825";8;;;"11ELECOM6925";15;"48942";15;"62.33";14;;;"33.3335";1
"227";227;"11110029836";8;;;"11ELECOM7480";15;"48943";19;"62.49";1;;;"33.335";27
"228";228;"11110029853";8;;;"11ELECOM7587";15;"48944";14;"62.5";349;;;"34.17";3
"229";229;"11110029859";8;;;"11ELECOM8318";15;"48945";121;"63.33";11;;;"34.58";81
"230";230;"11110029917";8;;;"11ELECOM1006";14;"48951";92;"64.16";1;;;"34.585";4
"231";231;"11110029925";8;;;"11ELECOM12055";14;"48954";43;"64.17";15;;;"34.71";4
"232";232;"11110029941";8;;;"11ELECOM12433";14;"48967";31;"65";21;;;"35";709
"233";233;"11110029963";8;;;"11ELECOM12696";14;"48973";1;"65.83";18;;;"35.415";3
"234";234;"11110029964";8;;;"11ELECOM12929";14;"48974";66;"65.84";2;;;"35.42";219
"235";235;"11110029985";8;;;"11ELECOM13369";14;"48975";89;"65.99";2;;;"35.83";281
"236";236;"11110029992";8;;;"11ELECOM1369";14;"48976";322;"66";1;;;"35.83333333";1
"237";237;"11110029997";8;;;"11ELECOM14055";14;"48977";19;"66.5";16;;;"35.835";5
"238";238;"11110029998";8;;;"11ELECOM14545";14;"48981";141;"66.67";960;;;"36";1
"239";239;"11110030007";8;;;"11ELECOM14678";14;"48982";285;"67";3;;;"36.67";4
"240";240;"11110030019";8;;;"11ELECOM1524";14;"48983";39;"67.08";100;;;"36.83";13
"241";241;"11110030030";8;;;"11ELECOM15292";14;"48984";14;"68.33";27;;;"36.835";1
"242";242;"11110030057";8;;;"11ELECOM16119";14;"48985";8;"68.75";2;;;"37.5";446
"243";243;"11110030097";8;;;"11ELECOM16186";14;"48986";175;"69.17";46;;;"37.54";1
"244";244;"11110030104";8;;;"11ELECOM16189";14;"48989";106;"70";37;;;"38";1
"245";245;"11110030110";8;;;"11ELECOM16295";14;"48993";11;"70.83";148;;;"38.33";127
"246";246;"11110030119";8;;;"11ELECOM16307";14;"48994";53;"70.84";1;;;"38.33333333";4
"247";247;"11110030138";8;;;"11ELECOM16633";14;"48995";5;"71.25";2;;;"38.335";4
"248";248;"11110030180";8;;;"11ELECOM16726";14;"48996";6;"71.67";5;;;"38.96";1
"249";249;"11110030185";8;;;"11ELECOM1829";14;"48998";17;"72.92";1;;;"39.165";1
"250";250;"11110030198";8;;;"11ELECOM18707";14;"48999";157;"73.33";28;;;"39.17";122
"251";251;"11110030199";8;;;"11ELECOM18998";14;"493";1;"73.67";1;;;"39.58";85
"252";252;"11110030226";8;;;"11ELECOM19161";14;"494";217;"73.75";3;;;"39.58333333";2
"253";253;"11110030256";8;;;"11ELECOM19348";14;"50086";59;"74.17";128;;;"39.585";2
"254";254;"11110030265";8;;;"11ELECOM2157";14;"50140";12;"75";129;;;"39.67";67
"255";255;"11110030271";8;;;"11ELECOM22272";14;"50150";33;"76.67";12;;;"40";61
"256";256;"11110030282";8;;;"11ELECOM227";14;"50151";40;"77.5";1;;;"40.37";3
"257";257;"11110030284";8;;;"11ELECOM23542";14;"50161";285;"78.33";1;;;"40.42";1
"258";258;"11110030300";8;;;"11ELECOM25002";14;"50181";21;"79.17";392;;;"40.83";985
"259";259;"11110030303";8;;;"11ELECOM25338";14;"50187";95;"80";21;;;"40.83333333";1
"260";260;"11110030324";8;;;"11ELECOM25382";14;"50188";209;"80.83";16;;;"40.835";30
"261";261;"11110030330";8;;;"11ELECOM26869";14;"50189";24;"81.25";1;;;"41.25";189
"262";262;"11110030334";8;;;"11ELECOM27983";14;"50190";86;"81.66";4;;;"41.62";84
"263";263;"11110030335";8;;;"11ELECOM28493";14;"50191";97;"81.67";30;;;"41.62333333";1
"264";264;"11110030388";8;;;"11ELECOM28765";14;"50192";136;"82.5";901;;;"41.625";3
"265";265;"11110030554";8;;;"11ELECOM29600";14;"50195";46;"83.25";3;;;"41.63";2
"266";266;"11110030695";8;;;"11ELECOM29676";14;"50198";21;"83.33";11;;;"41.665";4
"267";267;"11110034121";8;;;"11ELECOM3327";14;"50199";19;"83.35";1;;;"41.67";185
"268";268;"11110038850";8;;;"11ELECOM3347";14;"50203";29;"84";1;;;"42";1
"269";269;"11110043804";8;;;"11ELECOM33815";14;"50204";59;"84.99";2;;;"42.08";1
"270";270;"11110044414";8;;;"11ELECOM3480";14;"50205";169;"85";9;;;"42.5";89
"271";271;"11110047034";8;;;"11ELECOM3792";14;"50210";198;"86.25";2;;;"43.33";180
"272";272;"11110047569";8;;;"11ELECOM3977";14;"50212";16;"86.67";7;;;"43.335";7
"273";273;"11110047891";8;;;"11ELECOM3999";14;"50244";176;"87.5";12;;;"43.75";166
"274";274;"11110048509";8;;;"11ELECOM4019";14;"50285";15;"87.51";1;;;"44.165";2
"275";275;"11110052584";8;;;"11ELECOM4045";14;"50333";241;"88.33";2;;;"44.17";258
"276";276;"11110052600";8;;;"11ELECOM4059";14;"50334";90;"88.75";1;;;"45";2
"277";277;"11110053120";8;;;"11ELECOM40825";14;"50421";17;"90";5;;;"45.415";2
"278";278;"11110053533";8;;;"11ELECOM4190";14;"50422";24;"90.83";2;;;"45.42";165
"279";279;"11110057747";8;;;"11ELECOM441";14;"50423";43;"91.66";1;;;"45.83";741
"280";280;"11110058920";8;;;"11ELECOM44647";14;"50424";33;"91.67";93;;;"45.83333333";2
"281";281;"11110063044";8;;;"11ELECOM4991";14;"50437";7;"92.49";2;;;"45.835";17
"282";282;"11110063183";8;;;"11ELECOM5038";14;"50439";27;"92.5";52;;;"46.67";39
"283";283;"11110067654";8;;;"11ELECOM5044";14;"50440";4;"93.33";47;;;"47.46";15
"284";284;"11110075074";8;;;"11ELECOM5301";14;"50441";118;"95";20;;;"47.5";20
"285";285;"11110075159";8;;;"11ELECOM5559";14;"50442";1;"95.83";164;;;"48.33";3
"286";286;"11110075205";8;;;"11ELECOM571";14;"50443";135;"96";1;;;"48.75";117
"287";287;"11110075247";8;;;"11ELECOM6222";14;"50444";663;"96.24";1;;;"49.165";3
"288";288;"11110075276";8;;;"11ELECOM6849";14;"50445";463;"96.25";1;;;"49.17";126
"289";289;"11110075315";8;;;"11ELECOM6855";14;"50446";174;"96.67";3;;;"49.58";2
"290";290;"11110075320";8;;;"11ELECOM7162";14;"50448";563;"97.5";3;;;"50";47
"291";291;"11110075321";8;;;"11ELECOM7272";14;"50449";374;"98.33";4;;;"50.83";28
"292";292;"11110075381";8;;;"11ELECOM7926";14;"50451";88;"98.75";2;;;"51.665";1
"293";293;"11110075387";8;;;"11ELECOM8003";14;"50455";4;"99.75";4;;;"51.67";63
"294";294;"11110075406";8;;;"11ELECOM899";14;"50475";14;"99.99";1;;;"51.92";13
"295";295;"11110075464";8;;;"11ELECOM9466";14;"50477";1;"100";77;;;"52.08";255
"296";296;"11110075525";8;;;"11ELECOM97";14;"50489";1;"100.83";128;;;"52.085";5
"297";297;"11110075535";8;;;"11ELECOM9787";14;"50490";31;"101.67";1;;;"52.5";370
"298";298;"11110075542";8;;;"11ELECOM10388";13;"50499";16;"103.33";4;;;"53.33";47
"299";299;"11110075558";8;;;"11ELECOM1059";13;"50500";34;"104.17";52;;;"53.335";3
"300";300;"11110075561";8;;;"11ELECOM12188";13;"50501";209;"105";71;;;"54.165";22
"301";301;"11110075566";8;;;"11ELECOM12271";13;"50509";2;"106.67";202;;;"54.16666667";3
"302";302;"11110075599";8;;;"11ELECOM1241";13;"50539";838;"107.5";1;;;"54.17";975
"303";303;"11110075606";8;;;"11ELECOM1248";13;"50578";66;"108.33";24;;;"54.58";492
"304";304;"11110075609";8;;;"11ELECOM12549";13;"50608";12;"108.34";7;;;"54.585";4
"305";305;"11110075617";8;;;"11ELECOM12650";13;"50701";189;"109.16";2;;;"55";60
"306";306;"11110075639";8;;;"11ELECOM13919";13;"50703";26;"109.17";4;;;"55.5";25
"307";307;"11110075646";8;;;"11ELECOM14152";13;"50707";455;"110";6;;;"55.83";148
"308";308;"11110075652";8;;;"11ELECOM14199";13;"50708";72;"110.83";1;;;"55.8325";1
"309";309;"11110075682";8;;;"11ELECOM14427";13;"50711";1681;"111.67";2;;;"55.835";2
"310";310;"11110075760";8;;;"11ELECOM14618";13;"50715";14;"112.5";52;;;"56.32";15
"311";311;"11110075833";8;;;"11ELECOM1463";13;"50726";59;"113.33";5;;;"56.665";5
"312";312;"11110075925";8;;;"11ELECOM14820";13;"50731";55;"115";7;;;"56.67";262
"313";313;"11110075942";8;;;"11ELECOM1603";13;"50763";80;"116.08";119;;;"57.08";78
"314";314;"11110076243";8;;;"11ELECOM16141";13;"50764";192;"116.25";1;;;"57.5";34
"315";315;"11110076401";8;;;"11ELECOM16199";13;"50765";55;"116.67";143;;;"58.33";2
"316";316;"11110076792";8;;;"11ELECOM16763";13;"50770";159;"118.75";3;;;"60";32
"317";317;"11110076820";8;;;"11ELECOM16782";13;"50787";18;"120";19;;;"60.21";8
"318";318;"11110076967";8;;;"11ELECOM16803";13;"50788";527;"120.42";1;;;"60.83";88
"319";319;"11110082914";8;;;"11ELECOM17110";13;"50795";567;"121";1;;;"60.835";1
"320";320;"11110084197";8;;;"11ELECOM18104";13;"50818";101;"121.67";1;;;"61.67";23
"321";321;"11110094725";8;;;"11ELECOM1818";13;"50819";32;"122.5";1;;;"62.33";14
"322";322;"11110094726";8;;;"11ELECOM1859";13;"50820";98;"123.33";2;;;"62.335";1
"323";323;"11110094877";8;;;"11ELECOM19901";13;"50821";78;"123.34";1;;;"62.5";349
"324";324;"11110095602";8;;;"11ELECOM20844";13;"50822";107;"124.67";1;;;"65";5
"325";325;"11110000749";7;;;"11ELECOM2115";13;"50827";31;"124.87";1;;;"65.99";2
"326";326;"11110000843";7;;;"11ELECOM2197";13;"50828";120;"125";15;;;"66";1
"327";327;"11110000907";7;;;"11ELECOM2208";13;"50835";27;"126.67";1;;;"66.665";7
"328";328;"11110001132";7;;;"11ELECOM22607";13;"50843";24;"129.17";37;;;"66.67";930
"329";329;"11110001162";7;;;"11ELECOM23505";13;"50844";24;"130";1;;;"67";3
"330";330;"11110002059";7;;;"11ELECOM23566";13;"50845";48;"130.02";2;;;"67.08";101
"331";331;"11110003610";7;;;"11ELECOM2392";13;"50860";91;"133";1;;;"67.085";3
"332";332;"11110004166";7;;;"11ELECOM24841";13;"50861";71;"133.33";7;;;"68.33";27
"333";333;"11110004177";7;;;"11ELECOM25107";13;"50862";49;"133.34";1;;;"69.165";2
"334";334;"11110005251";7;;;"11ELECOM28431";13;"50866";176;"134.16";1;;;"69.17";42
"335";335;"11110005331";7;;;"11ELECOM29486";13;"50869";137;"134.17";3;;;"70";7
"336";336;"11110005341";7;;;"11ELECOM3017";13;"50871";1;"135";5;;;"70.83";144
"337";337;"11110005361";7;;;"11ELECOM31967";13;"50873";31;"137.5";2;;;"70.835";2
"338";338;"11110005377";7;;;"11ELECOM34274";13;"50874";19;"138.33";2;;;"71.25";2
"339";339;"11110005381";7;;;"11ELECOM37598";13;"50876";70;"140";6;;;"73.33";28
"340";340;"11110005390";7;;;"11ELECOM37676";13;"50877";88;"141.66";1;;;"74.165";3
"341";341;"11110005394";7;;;"11ELECOM3896";13;"50888";2;"141.67";2;;;"74.16666667";1
"342";342;"11110005400";7;;;"11ELECOM40117";13;"509";1;"145";1;;;"74.17";129
"343";343;"11110005437";7;;;"11ELECOM4017";13;"511";188;"145.83";24;;;"75";88
"344";344;"11110005439";7;;;"11ELECOM40230";13;"512";20;"145.85";1;;;"76.67";6
"345";345;"11110005449";7;;;"11ELECOM4534";13;"513";2;"148.33";3;;;"79.165";13
"346";346;"11110005456";7;;;"11ELECOM4752";13;"518";8;"149.58";85;;;"79.16666667";1
"347";347;"11110005520";7;;;"11ELECOM47643";13;"520";1374;"150";24;;;"79.17";391
"348";348;"11110005522";7;;;"11ELECOM5034";13;"522";8;"150.03";1;;;"80";14
"349";349;"11110005538";7;;;"11ELECOM5085";13;"526";3;"154.17";1;;;"80.83";16
"350";350;"11110005558";7;;;"11ELECOM5162";13;"530";24;"158.33";13;;;"82.5";922
"351";351;"11110005560";7;;;"11ELECOM5264";13;"531";1;"158.34";1;;;"83.33";2
"352";352;"11110005565";7;;;"11ELECOM5286";13;"532";88;"160";8;;;"83.335";1
"353";353;"11110005568";7;;;"11ELECOM5391";13;"536";1;"160.42";1;;;"85";1
"354";354;"11110005574";7;;;"11ELECOM5525";13;"582";23;"162.5";3;;;"86.25";1
"355";355;"11110005576";7;;;"11ELECOM575";13;"58280";200;"163.74";2;;;"90";2
"356";356;"11110005582";7;;;"11ELECOM6452";13;"58300";7;"165";21;;;"91.67";74
"357";357;"11110005583";7;;;"11ELECOM6500";13;"58362";8;"165.83";228;;;"92.5";50
"358";358;"11110005618";7;;;"11ELECOM6635";13;"58372";3;"166.67";3;;;"93.33";46
"359";359;"11110005622";7;;;"11ELECOM710";13;"58374";2;"168.75";1;;;"95";17
"360";360;"11110005624";7;;;"11ELECOM7164";13;"58668";1;"169.17";50;;;"95.83";165
"361";361;"11110005633";7;;;"11ELECOM728";13;"58669";169;"170";2;;;"96";1
"362";362;"11110005636";7;;;"11ELECOM7571";13;"58670";4;"175";1;;;"96.67";3
"363";363;"11110005639";7;;;"11ELECOM851";13;"58684";2;"180";1;;;"100";71
"364";364;"11110005654";7;;;"11ELECOM908";13;"58691";3;"184.98";1;;;"100.83";129
"365";365;"11110005668";7;;;"11ELECOM10120";12;"58692";6;"185";12;;;"101.67";1
"366";366;"11110005674";7;;;"11ELECOM10238";12;"58749";33;"187.5";14;;;"104.17";47
"367";367;"11110005682";7;;;"11ELECOM1028";12;"58750";22;"190";28;;;"105";58
"368";368;"11110005693";7;;;"11ELECOM12070";12;"58762";14;"191.66";1;;;"106.67";197
"369";369;"11110005700";7;;;"11ELECOM12254";12;"58765";47;"195";3;;;"108.33";1
"370";370;"11110005704";7;;;"11ELECOM12447";12;"58767";187;"200";22;;;"110";5
"371";371;"11110005709";7;;;"11ELECOM12550";12;"58772";183;"201.66";1;;;"112.5";52
"372";372;"11110005710";7;;;"11ELECOM1256";12;"58773";1;"210";3;;;"115";2
"373";373;"11110005724";7;;;"11ELECOM12699";12;"58774";70;"220";1;;;"116.08";122
"374";374;"11110005726";7;;;"11ELECOM1337";12;"58776";39;"222.5";1;;;"116.085";1
"375";375;"11110005734";7;;;"11ELECOM13399";12;"58777";119;"222.51";1;;;"116.25";1
"376";376;"11110005735";7;;;"11ELECOM13675";12;"58795";7;"223.33";1;;;"116.665";2
"377";377;"11110005739";7;;;"11ELECOM13991";12;"58806";9;"229.17";1;;;"116.67";141
"378";378;"11110005741";7;;;"11ELECOM14165";12;"58813";33;"230";1;;;"120";18
"379";379;"11110005742";7;;;"11ELECOM14280";12;"58860";83;"232.16";1;;;"121";1
"380";380;"11110005748";7;;;"11ELECOM14320";12;"58863";53;"232.17";1;;;"125";9
"381";381;"11110005750";7;;;"11ELECOM15186";12;"58867";4;"233.33";2;;;"129.17";37
"382";382;"11110005767";7;;;"11ELECOM15258";12;"58982";1;"240";2;;;"130";1
"383";383;"11110005778";7;;;"11ELECOM1551";12;"596";96;"247.5";3;;;"135";5
"384";384;"11110005811";7;;;"11ELECOM16013";12;"597";1554;"250";8;;;"140";5
"385";385;"11110005827";7;;;"11ELECOM16208";12;"598";1543;"255";1;;;"145";1
"386";386;"11110005831";7;;;"11ELECOM16276";12;"600";1;"260";1;;;"145.83";24
"387";387;"11110007177";7;;;"11ELECOM16349";12;"604";2;"265";3;;;"149.58";85
"388";388;"11110007388";7;;;"11ELECOM16383";12;"605";1310;"277.5";2;;;"150";24
"389";389;"11110007604";7;;;"11ELECOM16501";12;"616";29;"280";1;;;"160";8
"390";390;"11110007859";7;;;"11ELECOM16619";12;"617";190;"300";3;;;"165.83";229
"391";391;"11110007922";7;;;"11ELECOM16894";12;"619";1;"330";4;;;"165.8333333";1
"392";392;"11110008228";7;;;"11ELECOM1702";12;"68901";292;"331.66";1;;;"165.835";2
"393";393;"11110010303";7;;;"11ELECOM17217";12;"68976";7;"331.67";2;;;"168.75";1
"394";394;"11110011505";7;;;"11ELECOM1733";12;"68978";2;"337.5";1;;;"169.1675";1
"395";395;"11110011724";7;;;"11ELECOM17470";12;"68982";7;"338.34";1;;;"169.17";52
"396";396;"11110011729";7;;;"11ELECOM1758";12;"68983";27;"370";2;;;"170";2
"397";397;"11110011732";7;;;"11ELECOM17781";12;"68985";3;"380";1;;;"175";1
"398";398;"11110011738";7;;;"11ELECOM180";12;"68998";3;"390";1;;;"180";1
"399";399;"11110011754";7;;;"11ELECOM18411";12;"711";19;"400";2;;;"185";5
"400";400;"11110011758";7;;;"11ELECOM1873";12;"712";38;"464.32";2;;;"187.5";14
"401";401;"11110011762";7;;;"11ELECOM18800";12;"713";461;"475";1;;;"190";29
"402";402;"11110011791";7;;;"11ELECOM18802";12;"725";77;"497.5";1;;;"195";4
"403";403;"11110011792";7;;;"11ELECOM18842";12;"726";518;"500";4;;;"200";21
"404";404;"11110011795";7;;;"11ELECOM18891";12;"738";1;"525";1;;;"210";2
"405";405;"11110011819";7;;;"11ELECOM20629";12;"748";114;"666.67";1;;;"220";1
"406";406;"11110011826";7;;;"11ELECOM20689";12;"768";22;"676.67";1;;;"230";1
"407";407;"11110011845";7;;;"11ELECOM20843";12;"769";76;"676.68";1;;;"240";2
"408";408;"11110011849";7;;;"11ELECOM20977";12;"777";87;;;;;"250";8
"409";409;"11110011855";7;;;"11ELECOM21002";12;"801";12;;;;;"260";1
"410";410;"11110011868";7;;;"11ELECOM21171";12;"802";66;;;;;"265";3
"411";411;"11110020864";7;;;"11ELECOM22338";12;"804";204;;;;;"280";1
"412";412;"11110021071";7;;;"11ELECOM22998";12;"805";185;;;;;"300";2
"413";413;"11110021853";7;;;"11ELECOM23186";12;"807";881;;;;;"330";1
"414";414;"11110021912";7;;;"11ELECOM2536";12;"808";515;;;;;"400";2
"415";415;"11110021997";7;;;"11ELECOM2637";12;"809";408;;;;;"500";3
"416";416;"11110024960";7;;;"11ELECOM26584";12;"810";2734;;;;;"525";1
"417";417;"11110024962";7;;;"11ELECOM2673";12;"81000";404;;;;;;
"418";418;"11110025031";7;;;"11ELECOM28830";12;"81062";54;;;;;;
"419";419;"11110025306";7;;;"11ELECOM2917";12;"813";32;;;;;;
"420";420;"11110025561";7;;;"11ELECOM29365";12;"814";25;;;;;;
"421";421;"11110025570";7;;;"11ELECOM2961";12;"815";2117;;;;;;
"422";422;"11110025661";7;;;"11ELECOM30736";12;"816";5;;;;;;
"423";423;"11110025877";7;;;"11ELECOM31072";12;"8189";39;;;;;;
"424";424;"11110028952";7;;;"11ELECOM31308";12;"819";192;;;;;;
"425";425;"11110028961";7;;;"11ELECOM31774";12;"832";72;;;;;;
"426";426;"11110028993";7;;;"11ELECOM31812";12;"833";60;;;;;;
"427";427;"11110028994";7;;;"11ELECOM31895";12;"834";35;;;;;;
"428";428;"11110029033";7;;;"11ELECOM34241";12;"839";1135;;;;;;
"429";429;"11110029035";7;;;"11ELECOM3733";12;"841";22;;;;;;
"430";430;"11110029045";7;;;"11ELECOM3736";12;"863";126;;;;;;
"431";431;"11110029047";7;;;"11ELECOM3909";12;"864";114;;;;;;
"432";432;"11110029048";7;;;"11ELECOM3971";12;"8829";496;;;;;;
"433";433;"11110029050";7;;;"11ELECOM3974";12;"883";7;;;;;;
"434";434;"11110029069";7;;;"11ELECOM3983";12;"884";16;;;;;;
"435";435;"11110029081";7;;;"11ELECOM4011";12;"88481";1;;;;;;
"436";436;"11110029084";7;;;"11ELECOM40299";12;"8973";49;;;;;;
"437";437;"11110029088";7;;;"11ELECOM40418";12;"934";107;;;;;;
"438";438;"11110029089";7;;;"11ELECOM4106";12;"942";124;;;;;;
"439";439;"11110029114";7;;;"11ELECOM4277";12;"943";154;;;;;;
"440";440;"11110029116";7;;;"11ELECOM4347";12;"944";194;;;;;;
"441";441;"11110029119";7;;;"11ELECOM4526";12;"ielcc";1;;;;;;
"442";442;"11110029122";7;;;"11ELECOM4640";12;"nt403";1;;;;;;
"443";443;"11110029131";7;;;"11ELECOM47019";12;"nt424";1;;;;;;
"444";444;"11110029169";7;;;"11ELECOM4739";12;;;;;;;;
"445";445;"11110029176";7;;;"11ELECOM47898";12;;;;;;;;
"446";446;"11110029178";7;;;"11ELECOM4874";12;;;;;;;;
"447";447;"11110029181";7;;;"11ELECOM49075";12;;;;;;;;
"448";448;"11110029184";7;;;"11ELECOM49579";12;;;;;;;;
"449";449;"11110029186";7;;;"11ELECOM49945";12;;;;;;;;
"450";450;"11110029202";7;;;"11ELECOM50213";12;;;;;;;;
"451";451;"11110029232";7;;;"11ELECOM5126";12;;;;;;;;
"452";452;"11110029258";7;;;"11ELECOM5229";12;;;;;;;;
"453";453;"11110029295";7;;;"11ELECOM5253";12;;;;;;;;
"454";454;"11110029304";7;;;"11ELECOM5478";12;;;;;;;;
"455";455;"11110029306";7;;;"11ELECOM5598";12;;;;;;;;
"456";456;"11110029319";7;;;"11ELECOM5713";12;;;;;;;;
"457";457;"11110029322";7;;;"11ELECOM6615";12;;;;;;;;
"458";458;"11110029336";7;;;"11ELECOM6769";12;;;;;;;;
"459";459;"11110029338";7;;;"11ELECOM6832";12;;;;;;;;
"460";460;"11110029344";7;;;"11ELECOM6934";12;;;;;;;;
"461";461;"11110029355";7;;;"11ELECOM7077";12;;;;;;;;
"462";462;"11110029367";7;;;"11ELECOM7140";12;;;;;;;;
"463";463;"11110029371";7;;;"11ELECOM7168";12;;;;;;;;
"464";464;"11110029407";7;;;"11ELECOM7231";12;;;;;;;;
"465";465;"11110029409";7;;;"11ELECOM7270";12;;;;;;;;
"466";466;"11110029411";7;;;"11ELECOM7385";12;;;;;;;;
"467";467;"11110029426";7;;;"11ELECOM741";12;;;;;;;;
"468";468;"11110029478";7;;;"11ELECOM7484";12;;;;;;;;
"469";469;"11110029480";7;;;"11ELECOM7665";12;;;;;;;;
"470";470;"11110029488";7;;;"11ELECOM776";12;;;;;;;;
"471";471;"11110029501";7;;;"11ELECOM783";12;;;;;;;;
"472";472;"11110029503";7;;;"11ELECOM785";12;;;;;;;;
"473";473;"11110029533";7;;;"11ELECOM8329";12;;;;;;;;
"474";474;"11110029537";7;;;"11ELECOM8452";12;;;;;;;;
"475";475;"11110029544";7;;;"11ELECOM8942";12;;;;;;;;
"476";476;"11110029551";7;;;"11ELECOM9172";12;;;;;;;;
"477";477;"11110029558";7;;;"11ELECOM9177";12;;;;;;;;
"478";478;"11110029563";7;;;"11ELECOM968";12;;;;;;;;
"479";479;"11110029570";7;;;"11ELECOM9758";12;;;;;;;;
"480";480;"11110029583";7;;;"11ELECOM10765";11;;;;;;;;
"481";481;"11110029595";7;;;"11ELECOM11259";11;;;;;;;;
"482";482;"11110029628";7;;;"11ELECOM11482";11;;;;;;;;
"483";483;"11110029680";7;;;"11ELECOM12087";11;;;;;;;;
"484";484;"11110029698";7;;;"11ELECOM12490";11;;;;;;;;
"485";485;"11110029700";7;;;"11ELECOM12616";11;;;;;;;;
"486";486;"11110029711";7;;;"11ELECOM12742";11;;;;;;;;
"487";487;"11110029717";7;;;"11ELECOM12762";11;;;;;;;;
"488";488;"11110029721";7;;;"11ELECOM12787";11;;;;;;;;
"489";489;"11110029722";7;;;"11ELECOM12816";11;;;;;;;;
"490";490;"11110029748";7;;;"11ELECOM12817";11;;;;;;;;
"491";491;"11110029751";7;;;"11ELECOM14124";11;;;;;;;;
"492";492;"11110029758";7;;;"11ELECOM14149";11;;;;;;;;
"493";493;"11110029761";7;;;"11ELECOM14441";11;;;;;;;;
"494";494;"11110029803";7;;;"11ELECOM14702";11;;;;;;;;
"495";495;"11110029807";7;;;"11ELECOM14759";11;;;;;;;;
"496";496;"11110029809";7;;;"11ELECOM15193";11;;;;;;;;
"497";497;"11110029829";7;;;"11ELECOM15460";11;;;;;;;;
"498";498;"11110029858";7;;;"11ELECOM1552";11;;;;;;;;
"499";499;"11110029872";7;;;"11ELECOM1585";11;;;;;;;;
"500";500;"11110029876";7;;;"11ELECOM16232";11;;;;;;;;
"501";501;"11110029885";7;;;"11ELECOM16269";11;;;;;;;;
"502";502;"11110029888";7;;;"11ELECOM16284";11;;;;;;;;
"503";503;"11110029905";7;;;"11ELECOM16315";11;;;;;;;;
"504";504;"11110029908";7;;;"11ELECOM16333";11;;;;;;;;
"505";505;"11110029937";7;;;"11ELECOM16352";11;;;;;;;;
"506";506;"11110029952";7;;;"11ELECOM16414";11;;;;;;;;
"507";507;"11110029955";7;;;"11ELECOM16542";11;;;;;;;;
"508";508;"11110029967";7;;;"11ELECOM16598";11;;;;;;;;
"509";509;"11110029979";7;;;"11ELECOM16711";11;;;;;;;;
"510";510;"11110029984";7;;;"11ELECOM16729";11;;;;;;;;
"511";511;"11110029995";7;;;"11ELECOM16850";11;;;;;;;;
"512";512;"11110030004";7;;;"11ELECOM16949";11;;;;;;;;
"513";513;"11110030026";7;;;"11ELECOM1703";11;;;;;;;;
"514";514;"11110030044";7;;;"11ELECOM17257";11;;;;;;;;
"515";515;"11110030056";7;;;"11ELECOM1779";11;;;;;;;;
"516";516;"11110030058";7;;;"11ELECOM18089";11;;;;;;;;
"517";517;"11110030091";7;;;"11ELECOM1864";11;;;;;;;;
"518";518;"11110030101";7;;;"11ELECOM1881";11;;;;;;;;
"519";519;"11110030107";7;;;"11ELECOM18815";11;;;;;;;;
"520";520;"11110030109";7;;;"11ELECOM18844";11;;;;;;;;
"521";521;"11110030127";7;;;"11ELECOM18923";11;;;;;;;;
"522";522;"11110030134";7;;;"11ELECOM19316";11;;;;;;;;
"523";523;"11110030171";7;;;"11ELECOM1983";11;;;;;;;;
"524";524;"11110030181";7;;;"11ELECOM20314";11;;;;;;;;
"525";525;"11110030204";7;;;"11ELECOM20318";11;;;;;;;;
"526";526;"11110030212";7;;;"11ELECOM2034";11;;;;;;;;
"527";527;"11110030237";7;;;"11ELECOM20345";11;;;;;;;;
"528";528;"11110030240";7;;;"11ELECOM20407";11;;;;;;;;
"529";529;"11110030241";7;;;"11ELECOM20710";11;;;;;;;;
"530";530;"11110030292";7;;;"11ELECOM2075";11;;;;;;;;
"531";531;"11110030299";7;;;"11ELECOM21173";11;;;;;;;;
"532";532;"11110030319";7;;;"11ELECOM21255";11;;;;;;;;
"533";533;"11110030321";7;;;"11ELECOM22204";11;;;;;;;;
"534";534;"11110030325";7;;;"11ELECOM22308";11;;;;;;;;
"535";535;"11110030359";7;;;"11ELECOM22363";11;;;;;;;;
"536";536;"11110030360";7;;;"11ELECOM23525";11;;;;;;;;
"537";537;"11110030374";7;;;"11ELECOM23957";11;;;;;;;;
"538";538;"11110030377";7;;;"11ELECOM23980";11;;;;;;;;
"539";539;"11110030402";7;;;"11ELECOM24541";11;;;;;;;;
"540";540;"11110030415";7;;;"11ELECOM24784";11;;;;;;;;
"541";541;"11110030420";7;;;"11ELECOM24912";11;;;;;;;;
"542";542;"11110030467";7;;;"11ELECOM2515";11;;;;;;;;
"543";543;"11110030602";7;;;"11ELECOM25886";11;;;;;;;;
"544";544;"11110030794";7;;;"11ELECOM26305";11;;;;;;;;
"545";545;"11110030995";7;;;"11ELECOM2650";11;;;;;;;;
"546";546;"11110034277";7;;;"11ELECOM26622";11;;;;;;;;
"547";547;"11110037952";7;;;"11ELECOM26716";11;;;;;;;;
"548";548;"11110038651";7;;;"11ELECOM28366";11;;;;;;;;
"549";549;"11110039172";7;;;"11ELECOM2850";11;;;;;;;;
"550";550;"11110043402";7;;;"11ELECOM28622";11;;;;;;;;
"551";551;"11110044282";7;;;"11ELECOM29049";11;;;;;;;;
"552";552;"11110044535";7;;;"11ELECOM29108";11;;;;;;;;
"553";553;"11110047794";7;;;"11ELECOM29375";11;;;;;;;;
"554";554;"11110047992";7;;;"11ELECOM29420";11;;;;;;;;
"555";555;"11110048868";7;;;"11ELECOM29592";11;;;;;;;;
"556";556;"11110051200";7;;;"11ELECOM30205";11;;;;;;;;
"557";557;"11110052292";7;;;"11ELECOM30904";11;;;;;;;;
"558";558;"11110052358";7;;;"11ELECOM31118";11;;;;;;;;
"559";559;"11110052365";7;;;"11ELECOM31249";11;;;;;;;;
"560";560;"11110052374";7;;;"11ELECOM31473";11;;;;;;;;
"561";561;"11110052380";7;;;"11ELECOM3307";11;;;;;;;;
"562";562;"11110052399";7;;;"11ELECOM33415";11;;;;;;;;
"563";563;"11110052400";7;;;"11ELECOM33493";11;;;;;;;;
"564";564;"11110052404";7;;;"11ELECOM3439";11;;;;;;;;
"565";565;"11110052485";7;;;"11ELECOM34687";11;;;;;;;;
"566";566;"11110052507";7;;;"11ELECOM3739";11;;;;;;;;
"567";567;"11110052572";7;;;"11ELECOM4012";11;;;;;;;;
"568";568;"11110052583";7;;;"11ELECOM4056";11;;;;;;;;
"569";569;"11110052585";7;;;"11ELECOM4060";11;;;;;;;;
"570";570;"11110052588";7;;;"11ELECOM40750";11;;;;;;;;
"571";571;"11110052917";7;;;"11ELECOM4110";11;;;;;;;;
"572";572;"11110053628";7;;;"11ELECOM4131";11;;;;;;;;
"573";573;"11110053709";7;;;"11ELECOM4154";11;;;;;;;;
"574";574;"11110054374";7;;;"11ELECOM4162";11;;;;;;;;
"575";575;"11110054397";7;;;"11ELECOM4348";11;;;;;;;;
"576";576;"11110057739";7;;;"11ELECOM44919";11;;;;;;;;
"577";577;"11110057811";7;;;"11ELECOM4510";11;;;;;;;;
"578";578;"11110058109";7;;;"11ELECOM4583";11;;;;;;;;
"579";579;"11110058257";7;;;"11ELECOM4636";11;;;;;;;;
"580";580;"11110058310";7;;;"11ELECOM4678";11;;;;;;;;
"581";581;"11110058940";7;;;"11ELECOM47165";11;;;;;;;;
"582";582;"11110062228";7;;;"11ELECOM47298";11;;;;;;;;
"583";583;"11110062233";7;;;"11ELECOM47916";11;;;;;;;;
"584";584;"11110062570";7;;;"11ELECOM49581";11;;;;;;;;
"585";585;"11110063055";7;;;"11ELECOM50120";11;;;;;;;;
"586";586;"11110063092";7;;;"11ELECOM5037";11;;;;;;;;
"587";587;"11110063213";7;;;"11ELECOM5078";11;;;;;;;;
"588";588;"11110063322";7;;;"11ELECOM5205";11;;;;;;;;
"589";589;"11110068670";7;;;"11ELECOM5473";11;;;;;;;;
"590";590;"11110069255";7;;;"11ELECOM5620";11;;;;;;;;
"591";591;"11110074865";7;;;"11ELECOM5692";11;;;;;;;;
"592";592;"11110075079";7;;;"11ELECOM5702";11;;;;;;;;
"593";593;"11110075085";7;;;"11ELECOM599";11;;;;;;;;
"594";594;"11110075086";7;;;"11ELECOM6377";11;;;;;;;;
"595";595;"11110075089";7;;;"11ELECOM6605";11;;;;;;;;
"596";596;"11110075093";7;;;"11ELECOM6749";11;;;;;;;;
"597";597;"11110075112";7;;;"11ELECOM6882";11;;;;;;;;
"598";598;"11110075158";7;;;"11ELECOM6935";11;;;;;;;;
"599";599;"11110075173";7;;;"11ELECOM6951";11;;;;;;;;
"600";600;"11110075186";7;;;"11ELECOM6981";11;;;;;;;;
"601";601;"11110075195";7;;;"11ELECOM7114";11;;;;;;;;
"602";602;"11110075202";7;;;"11ELECOM7188";11;;;;;;;;
"603";603;"11110075210";7;;;"11ELECOM7322";11;;;;;;;;
"604";604;"11110075283";7;;;"11ELECOM7411";11;;;;;;;;
"605";605;"11110075293";7;;;"11ELECOM7927";11;;;;;;;;
"606";606;"11110075294";7;;;"11ELECOM7930";11;;;;;;;;
"607";607;"11110075298";7;;;"11ELECOM7969";11;;;;;;;;
"608";608;"11110075316";7;;;"11ELECOM8010";11;;;;;;;;
"609";609;"11110075361";7;;;"11ELECOM8082";11;;;;;;;;
"610";610;"11110075372";7;;;"11ELECOM841";11;;;;;;;;
"611";611;"11110075377";7;;;"11ELECOM881";11;;;;;;;;
"612";612;"11110075404";7;;;"11ELECOM8980";11;;;;;;;;
"613";613;"11110075407";7;;;"11ELECOM9818";11;;;;;;;;
"614";614;"11110075420";7;;;"11ELECOM10397";10;;;;;;;;
"615";615;"11110075423";7;;;"11ELECOM1086";10;;;;;;;;
"616";616;"11110075427";7;;;"11ELECOM11071";10;;;;;;;;
"617";617;"11110075467";7;;;"11ELECOM11244";10;;;;;;;;
"618";618;"11110075471";7;;;"11ELECOM1163";10;;;;;;;;
"619";619;"11110075475";7;;;"11ELECOM1169";10;;;;;;;;
"620";620;"11110075499";7;;;"11ELECOM12093";10;;;;;;;;
"621";621;"11110075509";7;;;"11ELECOM12168";10;;;;;;;;
"622";622;"11110075555";7;;;"11ELECOM12172";10;;;;;;;;
"623";623;"11110075585";7;;;"11ELECOM12245";10;;;;;;;;
"624";624;"11110075592";7;;;"11ELECOM12310";10;;;;;;;;
"625";625;"11110075608";7;;;"11ELECOM1267";10;;;;;;;;
"626";626;"11110075642";7;;;"11ELECOM12725";10;;;;;;;;
"627";627;"11110075660";7;;;"11ELECOM12818";10;;;;;;;;
"628";628;"11110075662";7;;;"11ELECOM12829";10;;;;;;;;
"629";629;"11110075664";7;;;"11ELECOM13303";10;;;;;;;;
"630";630;"11110075668";7;;;"11ELECOM13396";10;;;;;;;;
"631";631;"11110075687";7;;;"11ELECOM1356";10;;;;;;;;
"632";632;"11110075688";7;;;"11ELECOM13710";10;;;;;;;;
"633";633;"11110075730";7;;;"11ELECOM14106";10;;;;;;;;
"634";634;"11110075754";7;;;"11ELECOM14153";10;;;;;;;;
"635";635;"11110075770";7;;;"11ELECOM14167";10;;;;;;;;
"636";636;"11110075790";7;;;"11ELECOM14204";10;;;;;;;;
"637";637;"11110075791";7;;;"11ELECOM14368";10;;;;;;;;
"638";638;"11110075802";7;;;"11ELECOM14444";10;;;;;;;;
"639";639;"11110075803";7;;;"11ELECOM14467";10;;;;;;;;
"640";640;"11110075809";7;;;"11ELECOM14581";10;;;;;;;;
"641";641;"11110075818";7;;;"11ELECOM14726";10;;;;;;;;
"642";642;"11110075825";7;;;"11ELECOM14821";10;;;;;;;;
"643";643;"11110075853";7;;;"11ELECOM14900";10;;;;;;;;
"644";644;"11110075863";7;;;"11ELECOM14949";10;;;;;;;;
"645";645;"11110075869";7;;;"11ELECOM1576";10;;;;;;;;
"646";646;"11110075876";7;;;"11ELECOM15852";10;;;;;;;;
"647";647;"11110075881";7;;;"11ELECOM16124";10;;;;;;;;
"648";648;"11110075886";7;;;"11ELECOM1616";10;;;;;;;;
"649";649;"11110075928";7;;;"11ELECOM16344";10;;;;;;;;
"650";650;"11110075953";7;;;"11ELECOM16345";10;;;;;;;;
"651";651;"11110075959";7;;;"11ELECOM16409";10;;;;;;;;
"652";652;"11110075966";7;;;"11ELECOM1644";10;;;;;;;;
"653";653;"11110075967";7;;;"11ELECOM16445";10;;;;;;;;
"654";654;"11110076860";7;;;"11ELECOM16464";10;;;;;;;;
"655";655;"11110076878";7;;;"11ELECOM16488";10;;;;;;;;
"656";656;"11110076945";7;;;"11ELECOM16496";10;;;;;;;;
"657";657;"11110076963";7;;;"11ELECOM16507";10;;;;;;;;
"658";658;"11110077363";7;;;"11ELECOM16578";10;;;;;;;;
"659";659;"11110077517";7;;;"11ELECOM16601";10;;;;;;;;
"660";660;"11110077660";7;;;"11ELECOM16606";10;;;;;;;;
"661";661;"11110078092";7;;;"11ELECOM16646";10;;;;;;;;
"662";662;"11110082773";7;;;"11ELECOM16694";10;;;;;;;;
"663";663;"11110082825";7;;;"11ELECOM16730";10;;;;;;;;
"664";664;"11110083109";7;;;"11ELECOM16737";10;;;;;;;;
"665";665;"11110083151";7;;;"11ELECOM16741";10;;;;;;;;
"666";666;"11110083282";7;;;"11ELECOM16757";10;;;;;;;;
"667";667;"11110083732";7;;;"11ELECOM16780";10;;;;;;;;
"668";668;"11110083902";7;;;"11ELECOM16802";10;;;;;;;;
"669";669;"11110083995";7;;;"11ELECOM16814";10;;;;;;;;
"670";670;"11110084128";7;;;"11ELECOM16872";10;;;;;;;;
"671";671;"11110084232";7;;;"11ELECOM16970";10;;;;;;;;
"672";672;"11110084235";7;;;"11ELECOM1698";10;;;;;;;;
"673";673;"11110090203";7;;;"11ELECOM17308";10;;;;;;;;
"674";674;"11110090311";7;;;"11ELECOM1775";10;;;;;;;;
"675";675;"11110090660";7;;;"11ELECOM17871";10;;;;;;;;
"676";676;"11110090719";7;;;"11ELECOM18906";10;;;;;;;;
"677";677;"11110090737";7;;;"11ELECOM18955";10;;;;;;;;
"678";678;"11110090844";7;;;"11ELECOM19021";10;;;;;;;;
"679";679;"11110090845";7;;;"11ELECOM19305";10;;;;;;;;
"680";680;"11110090875";7;;;"11ELECOM19387";10;;;;;;;;
"681";681;"11110091064";7;;;"11ELECOM1997";10;;;;;;;;
"682";682;"11110091299";7;;;"11ELECOM20295";10;;;;;;;;
"683";683;"11110091309";7;;;"11ELECOM20309";10;;;;;;;;
"684";684;"11110091391";7;;;"11ELECOM20678";10;;;;;;;;
"685";685;"11110091423";7;;;"11ELECOM20736";10;;;;;;;;
"686";686;"11110091557";7;;;"11ELECOM20774";10;;;;;;;;
"687";687;"11110091568";7;;;"11ELECOM20904";10;;;;;;;;
"688";688;"11110094229";7;;;"11ELECOM21098";10;;;;;;;;
"689";689;"11110094296";7;;;"11ELECOM21132";10;;;;;;;;
"690";690;"11110094344";7;;;"11ELECOM21402";10;;;;;;;;
"691";691;"11110094363";7;;;"11ELECOM21403";10;;;;;;;;
"692";692;"11110094480";7;;;"11ELECOM21533";10;;;;;;;;
"693";693;"11110094543";7;;;"11ELECOM21938";10;;;;;;;;
"694";694;"11110094643";7;;;"11ELECOM22737";10;;;;;;;;
"695";695;"11110094652";7;;;"11ELECOM23329";10;;;;;;;;
"696";696;"11110094724";7;;;"11ELECOM23645";10;;;;;;;;
"697";697;"11110094802";7;;;"11ELECOM23693";10;;;;;;;;
"698";698;"11110094823";7;;;"11ELECOM24224";10;;;;;;;;
"699";699;"11110094833";7;;;"11ELECOM24258";10;;;;;;;;
"700";700;"11110094838";7;;;"11ELECOM24395";10;;;;;;;;
"701";701;"11110094852";7;;;"11ELECOM2485";10;;;;;;;;
"702";702;"11110094920";7;;;"11ELECOM25093";10;;;;;;;;
"703";703;"11110094969";7;;;"11ELECOM25911";10;;;;;;;;
"704";704;"11110094972";7;;;"11ELECOM26059";10;;;;;;;;
"705";705;"11110095041";7;;;"11ELECOM26141";10;;;;;;;;
"706";706;"11110095359";7;;;"11ELECOM26145";10;;;;;;;;
"707";707;"11110095441";7;;;"11ELECOM26196";10;;;;;;;;
"708";708;"11110095465";7;;;"11ELECOM26397";10;;;;;;;;
"709";709;"11110095590";7;;;"11ELECOM2690";10;;;;;;;;
"710";710;"11110095651";7;;;"11ELECOM26961";10;;;;;;;;
"711";711;"11110095661";7;;;"11ELECOM27868";10;;;;;;;;
"712";712;"11110095754";7;;;"11ELECOM28530";10;;;;;;;;
"713";713;"11110095765";7;;;"11ELECOM28547";10;;;;;;;;
"714";714;"11110095822";7;;;"11ELECOM28574";10;;;;;;;;
"715";715;"11110095854";7;;;"11ELECOM29061";10;;;;;;;;
"716";716;"11110095892";7;;;"11ELECOM29159";10;;;;;;;;
"717";717;"11110095937";7;;;"11ELECOM29360";10;;;;;;;;
"718";718;"11110095945";7;;;"11ELECOM29543";10;;;;;;;;
"719";719;"11110095955";7;;;"11ELECOM2959";10;;;;;;;;
"720";720;"11110000248";6;;;"11ELECOM29650";10;;;;;;;;
"721";721;"11110000267";6;;;"11ELECOM3013";10;;;;;;;;
"722";722;"11110000754";6;;;"11ELECOM30930";10;;;;;;;;
"723";723;"11110000830";6;;;"11ELECOM31120";10;;;;;;;;
"724";724;"11110000834";6;;;"11ELECOM31516";10;;;;;;;;
"725";725;"11110000880";6;;;"11ELECOM31531";10;;;;;;;;
"726";726;"11110000925";6;;;"11ELECOM32320";10;;;;;;;;
"727";727;"11110000995";6;;;"11ELECOM3383";10;;;;;;;;
"728";728;"11110001012";6;;;"11ELECOM33879";10;;;;;;;;
"729";729;"11110001060";6;;;"11ELECOM34111";10;;;;;;;;
"730";730;"11110001945";6;;;"11ELECOM35503";10;;;;;;;;
"731";731;"11110001984";6;;;"11ELECOM35964";10;;;;;;;;
"732";732;"11110002068";6;;;"11ELECOM36051";10;;;;;;;;
"733";733;"11110002155";6;;;"11ELECOM3614";10;;;;;;;;
"734";734;"11110002279";6;;;"11ELECOM36227";10;;;;;;;;
"735";735;"11110002288";6;;;"11ELECOM36721";10;;;;;;;;
"736";736;"11110002471";6;;;"11ELECOM3710";10;;;;;;;;
"737";737;"11110002497";6;;;"11ELECOM3775";10;;;;;;;;
"738";738;"11110004028";6;;;"11ELECOM3820";10;;;;;;;;
"739";739;"11110004086";6;;;"11ELECOM3976";10;;;;;;;;
"740";740;"11110004150";6;;;"11ELECOM4009";10;;;;;;;;
"741";741;"11110004160";6;;;"11ELECOM40294";10;;;;;;;;
"742";742;"11110005308";6;;;"11ELECOM40311";10;;;;;;;;
"743";743;"11110005346";6;;;"11ELECOM40506";10;;;;;;;;
"744";744;"11110005364";6;;;"11ELECOM40547";10;;;;;;;;
"745";745;"11110005386";6;;;"11ELECOM4062";10;;;;;;;;
"746";746;"11110005406";6;;;"11ELECOM4068";10;;;;;;;;
"747";747;"11110005417";6;;;"11ELECOM4114";10;;;;;;;;
"748";748;"11110005432";6;;;"11ELECOM4311";10;;;;;;;;
"749";749;"11110005460";6;;;"11ELECOM4403";10;;;;;;;;
"750";750;"11110005478";6;;;"11ELECOM44983";10;;;;;;;;
"751";751;"11110005485";6;;;"11ELECOM45348";10;;;;;;;;
"752";752;"11110005490";6;;;"11ELECOM45602";10;;;;;;;;
"753";753;"11110005551";6;;;"11ELECOM46505";10;;;;;;;;
"754";754;"11110005575";6;;;"11ELECOM4656";10;;;;;;;;
"755";755;"11110005591";6;;;"11ELECOM4671";10;;;;;;;;
"756";756;"11110005598";6;;;"11ELECOM47124";10;;;;;;;;
"757";757;"11110005608";6;;;"11ELECOM49366";10;;;;;;;;
"758";758;"11110005616";6;;;"11ELECOM49585";10;;;;;;;;
"759";759;"11110005629";6;;;"11ELECOM4982";10;;;;;;;;
"760";760;"11110005653";6;;;"11ELECOM5159";10;;;;;;;;
"761";761;"11110005659";6;;;"11ELECOM5200";10;;;;;;;;
"762";762;"11110005678";6;;;"11ELECOM5348";10;;;;;;;;
"763";763;"11110005685";6;;;"11ELECOM5385";10;;;;;;;;
"764";764;"11110005765";6;;;"11ELECOM5419";10;;;;;;;;
"765";765;"11110005781";6;;;"11ELECOM5438";10;;;;;;;;
"766";766;"11110005832";6;;;"11ELECOM5536";10;;;;;;;;
"767";767;"11110007273";6;;;"11ELECOM5855";10;;;;;;;;
"768";768;"11110007372";6;;;"11ELECOM5913";10;;;;;;;;
"769";769;"11110007478";6;;;"11ELECOM593";10;;;;;;;;
"770";770;"11110007503";6;;;"11ELECOM5980";10;;;;;;;;
"771";771;"11110007551";6;;;"11ELECOM626";10;;;;;;;;
"772";772;"11110007618";6;;;"11ELECOM6375";10;;;;;;;;
"773";773;"11110007640";6;;;"11ELECOM6519";10;;;;;;;;
"774";774;"11110007737";6;;;"11ELECOM6581";10;;;;;;;;
"775";775;"11110008082";6;;;"11ELECOM6683";10;;;;;;;;
"776";776;"11110008132";6;;;"11ELECOM6744";10;;;;;;;;
"777";777;"11110008302";6;;;"11ELECOM6805";10;;;;;;;;
"778";778;"11110010013";6;;;"11ELECOM6902";10;;;;;;;;
"779";779;"11110010015";6;;;"11ELECOM6929";10;;;;;;;;
"780";780;"11110010145";6;;;"11ELECOM7015";10;;;;;;;;
"781";781;"11110010233";6;;;"11ELECOM7037";10;;;;;;;;
"782";782;"11110010301";6;;;"11ELECOM7172";10;;;;;;;;
"783";783;"11110010305";6;;;"11ELECOM7561";10;;;;;;;;
"784";784;"11110010325";6;;;"11ELECOM759";10;;;;;;;;
"785";785;"11110010368";6;;;"11ELECOM7621";10;;;;;;;;
"786";786;"11110010429";6;;;"11ELECOM7656";10;;;;;;;;
"787";787;"11110010448";6;;;"11ELECOM8104";10;;;;;;;;
"788";788;"11110010476";6;;;"11ELECOM8354";10;;;;;;;;
"789";789;"11110010495";6;;;"11ELECOM8503";10;;;;;;;;
"790";790;"11110010504";6;;;"11ELECOM894";10;;;;;;;;
"791";791;"11110010569";6;;;"11ELECOM10042";9;;;;;;;;
"792";792;"11110010612";6;;;"11ELECOM10210";9;;;;;;;;
"793";793;"11110010682";6;;;"11ELECOM1034";9;;;;;;;;
"794";794;"11110010794";6;;;"11ELECOM1128";9;;;;;;;;
"795";795;"11110011246";6;;;"11ELECOM11633";9;;;;;;;;
"796";796;"11110011353";6;;;"11ELECOM11943";9;;;;;;;;
"797";797;"11110011361";6;;;"11ELECOM12292";9;;;;;;;;
"798";798;"11110011577";6;;;"11ELECOM12325";9;;;;;;;;
"799";799;"11110011593";6;;;"11ELECOM12460";9;;;;;;;;
"800";800;"11110011740";6;;;"11ELECOM12485";9;;;;;;;;
"801";801;"11110021968";6;;;"11ELECOM1251";9;;;;;;;;
"802";802;"11110022002";6;;;"11ELECOM12573";9;;;;;;;;
"803";803;"11110024964";6;;;"11ELECOM12864";9;;;;;;;;
"804";804;"11110025033";6;;;"11ELECOM13339";9;;;;;;;;
"805";805;"11110025047";6;;;"11ELECOM13579";9;;;;;;;;
"806";806;"11110025088";6;;;"11ELECOM13908";9;;;;;;;;
"807";807;"11110025089";6;;;"11ELECOM13927";9;;;;;;;;
"808";808;"11110025092";6;;;"11ELECOM14086";9;;;;;;;;
"809";809;"11110025183";6;;;"11ELECOM14134";9;;;;;;;;
"810";810;"11110025259";6;;;"11ELECOM14177";9;;;;;;;;
"811";811;"11110025348";6;;;"11ELECOM14289";9;;;;;;;;
"812";812;"11110025415";6;;;"11ELECOM14316";9;;;;;;;;
"813";813;"11110025420";6;;;"11ELECOM14347";9;;;;;;;;
"814";814;"11110025453";6;;;"11ELECOM14509";9;;;;;;;;
"815";815;"11110025510";6;;;"11ELECOM14512";9;;;;;;;;
"816";816;"11110025533";6;;;"11ELECOM1460";9;;;;;;;;
"817";817;"11110025538";6;;;"11ELECOM14633";9;;;;;;;;
"818";818;"11110025621";6;;;"11ELECOM14989";9;;;;;;;;
"819";819;"11110025706";6;;;"11ELECOM15177";9;;;;;;;;
"820";820;"11110025743";6;;;"11ELECOM15213";9;;;;;;;;
"821";821;"11110025840";6;;;"11ELECOM1529";9;;;;;;;;
"822";822;"11110025939";6;;;"11ELECOM15350";9;;;;;;;;
"823";823;"11110025959";6;;;"11ELECOM1564";9;;;;;;;;
"824";824;"11110025972";6;;;"11ELECOM15934";9;;;;;;;;
"825";825;"11110026009";6;;;"11ELECOM16010";9;;;;;;;;
"826";826;"11110026150";6;;;"11ELECOM16043";9;;;;;;;;
"827";827;"11110026159";6;;;"11ELECOM1612";9;;;;;;;;
"828";828;"11110026169";6;;;"11ELECOM16137";9;;;;;;;;
"829";829;"11110026172";6;;;"11ELECOM16138";9;;;;;;;;
"830";830;"11110026192";6;;;"11ELECOM16170";9;;;;;;;;
"831";831;"11110026205";6;;;"11ELECOM16219";9;;;;;;;;
"832";832;"11110026270";6;;;"11ELECOM16235";9;;;;;;;;
"833";833;"11110026314";6;;;"11ELECOM16256";9;;;;;;;;
"834";834;"11110026336";6;;;"11ELECOM16313";9;;;;;;;;
"835";835;"11110026354";6;;;"11ELECOM16392";9;;;;;;;;
"836";836;"11110026418";6;;;"11ELECOM16405";9;;;;;;;;
"837";837;"11110028955";6;;;"11ELECOM16434";9;;;;;;;;
"838";838;"11110028960";6;;;"11ELECOM16477";9;;;;;;;;
"839";839;"11110028962";6;;;"11ELECOM16509";9;;;;;;;;
"840";840;"11110028985";6;;;"11ELECOM16551";9;;;;;;;;
"841";841;"11110029001";6;;;"11ELECOM16612";9;;;;;;;;
"842";842;"11110029019";6;;;"11ELECOM16629";9;;;;;;;;
"843";843;"11110029036";6;;;"11ELECOM1669";9;;;;;;;;
"844";844;"11110029083";6;;;"11ELECOM16715";9;;;;;;;;
"845";845;"11110029104";6;;;"11ELECOM16790";9;;;;;;;;
"846";846;"11110029118";6;;;"11ELECOM16805";9;;;;;;;;
"847";847;"11110029125";6;;;"11ELECOM16823";9;;;;;;;;
"848";848;"11110029127";6;;;"11ELECOM17085";9;;;;;;;;
"849";849;"11110029144";6;;;"11ELECOM18250";9;;;;;;;;
"850";850;"11110029174";6;;;"11ELECOM18538";9;;;;;;;;
"851";851;"11110029187";6;;;"11ELECOM18653";9;;;;;;;;
"852";852;"11110029212";6;;;"11ELECOM19038";9;;;;;;;;
"853";853;"11110029236";6;;;"11ELECOM19084";9;;;;;;;;
"854";854;"11110029245";6;;;"11ELECOM19167";9;;;;;;;;
"855";855;"11110029257";6;;;"11ELECOM19251";9;;;;;;;;
"856";856;"11110029270";6;;;"11ELECOM19290";9;;;;;;;;
"857";857;"11110029282";6;;;"11ELECOM19412";9;;;;;;;;
"858";858;"11110029300";6;;;"11ELECOM19447";9;;;;;;;;
"859";859;"11110029312";6;;;"11ELECOM19624";9;;;;;;;;
"860";860;"11110029320";6;;;"11ELECOM19775";9;;;;;;;;
"861";861;"11110029325";6;;;"11ELECOM20049";9;;;;;;;;
"862";862;"11110029330";6;;;"11ELECOM20129";9;;;;;;;;
"863";863;"11110029331";6;;;"11ELECOM20224";9;;;;;;;;
"864";864;"11110029335";6;;;"11ELECOM20404";9;;;;;;;;
"865";865;"11110029342";6;;;"11ELECOM20517";9;;;;;;;;
"866";866;"11110029366";6;;;"11ELECOM20655";9;;;;;;;;
"867";867;"11110029368";6;;;"11ELECOM20773";9;;;;;;;;
"868";868;"11110029392";6;;;"11ELECOM2084";9;;;;;;;;
"869";869;"11110029412";6;;;"11ELECOM2098";9;;;;;;;;
"870";870;"11110029416";6;;;"11ELECOM21727";9;;;;;;;;
"871";871;"11110029421";6;;;"11ELECOM2179";9;;;;;;;;
"872";872;"11110029433";6;;;"11ELECOM2207";9;;;;;;;;
"873";873;"11110029438";6;;;"11ELECOM2272";9;;;;;;;;
"874";874;"11110029442";6;;;"11ELECOM22756";9;;;;;;;;
"875";875;"11110029454";6;;;"11ELECOM2276";9;;;;;;;;
"876";876;"11110029465";6;;;"11ELECOM2306";9;;;;;;;;
"877";877;"11110029489";6;;;"11ELECOM23291";9;;;;;;;;
"878";878;"11110029490";6;;;"11ELECOM23412";9;;;;;;;;
"879";879;"11110029517";6;;;"11ELECOM23414";9;;;;;;;;
"880";880;"11110029523";6;;;"11ELECOM23597";9;;;;;;;;
"881";881;"11110029574";6;;;"11ELECOM23700";9;;;;;;;;
"882";882;"11110029587";6;;;"11ELECOM23890";9;;;;;;;;
"883";883;"11110029593";6;;;"11ELECOM24108";9;;;;;;;;
"884";884;"11110029596";6;;;"11ELECOM24134";9;;;;;;;;
"885";885;"11110029599";6;;;"11ELECOM24288";9;;;;;;;;
"886";886;"11110029613";6;;;"11ELECOM24331";9;;;;;;;;
"887";887;"11110029617";6;;;"11ELECOM25502";9;;;;;;;;
"888";888;"11110029618";6;;;"11ELECOM25890";9;;;;;;;;
"889";889;"11110029651";6;;;"11ELECOM25891";9;;;;;;;;
"890";890;"11110029657";6;;;"11ELECOM25986";9;;;;;;;;
"891";891;"11110029660";6;;;"11ELECOM26213";9;;;;;;;;
"892";892;"11110029683";6;;;"11ELECOM26433";9;;;;;;;;
"893";893;"11110029690";6;;;"11ELECOM26564";9;;;;;;;;
"894";894;"11110029702";6;;;"11ELECOM26979";9;;;;;;;;
"895";895;"11110029709";6;;;"11ELECOM2748";9;;;;;;;;
"896";896;"11110029712";6;;;"11ELECOM28161";9;;;;;;;;
"897";897;"11110029728";6;;;"11ELECOM2843";9;;;;;;;;
"898";898;"11110029749";6;;;"11ELECOM28485";9;;;;;;;;
"899";899;"11110029754";6;;;"11ELECOM28525";9;;;;;;;;
"900";900;"11110029767";6;;;"11ELECOM28546";9;;;;;;;;
"901";901;"11110029773";6;;;"11ELECOM28628";9;;;;;;;;
"902";902;"11110029782";6;;;"11ELECOM28662";9;;;;;;;;
"903";903;"11110029834";6;;;"11ELECOM28695";9;;;;;;;;
"904";904;"11110029840";6;;;"11ELECOM28881";9;;;;;;;;
"905";905;"11110029848";6;;;"11ELECOM28933";9;;;;;;;;
"906";906;"11110029869";6;;;"11ELECOM29013";9;;;;;;;;
"907";907;"11110029882";6;;;"11ELECOM29082";9;;;;;;;;
"908";908;"11110029890";6;;;"11ELECOM29117";9;;;;;;;;
"909";909;"11110029896";6;;;"11ELECOM2913";9;;;;;;;;
"910";910;"11110029919";6;;;"11ELECOM29203";9;;;;;;;;
"911";911;"11110029920";6;;;"11ELECOM2921";9;;;;;;;;
"912";912;"11110029923";6;;;"11ELECOM29995";9;;;;;;;;
"913";913;"11110029943";6;;;"11ELECOM3023";9;;;;;;;;
"914";914;"11110029970";6;;;"11ELECOM30408";9;;;;;;;;
"915";915;"11110029983";6;;;"11ELECOM30545";9;;;;;;;;
"916";916;"11110029990";6;;;"11ELECOM31175";9;;;;;;;;
"917";917;"11110029996";6;;;"11ELECOM31293";9;;;;;;;;
"918";918;"11110029999";6;;;"11ELECOM31489";9;;;;;;;;
"919";919;"11110030002";6;;;"11ELECOM31492";9;;;;;;;;
"920";920;"11110030025";6;;;"11ELECOM31497";9;;;;;;;;
"921";921;"11110030035";6;;;"11ELECOM31617";9;;;;;;;;
"922";922;"11110030038";6;;;"11ELECOM31796";9;;;;;;;;
"923";923;"11110030043";6;;;"11ELECOM3239";9;;;;;;;;
"924";924;"11110030048";6;;;"11ELECOM32651";9;;;;;;;;
"925";925;"11110030066";6;;;"11ELECOM32940";9;;;;;;;;
"926";926;"11110030072";6;;;"11ELECOM33184";9;;;;;;;;
"927";927;"11110030078";6;;;"11ELECOM33439";9;;;;;;;;
"928";928;"11110030113";6;;;"11ELECOM33855";9;;;;;;;;
"929";929;"11110030115";6;;;"11ELECOM33928";9;;;;;;;;
"930";930;"11110030123";6;;;"11ELECOM33979";9;;;;;;;;
"931";931;"11110030133";6;;;"11ELECOM3410";9;;;;;;;;
"932";932;"11110030135";6;;;"11ELECOM34342";9;;;;;;;;
"933";933;"11110030140";6;;;"11ELECOM3476";9;;;;;;;;
"934";934;"11110030141";6;;;"11ELECOM35069";9;;;;;;;;
"935";935;"11110030151";6;;;"11ELECOM3609";9;;;;;;;;
"936";936;"11110030156";6;;;"11ELECOM3637";9;;;;;;;;
"937";937;"11110030164";6;;;"11ELECOM3704";9;;;;;;;;
"938";938;"11110030177";6;;;"11ELECOM3741";9;;;;;;;;
"939";939;"11110030195";6;;;"11ELECOM3817";9;;;;;;;;
"940";940;"11110030196";6;;;"11ELECOM3878";9;;;;;;;;
"941";941;"11110030210";6;;;"11ELECOM3889";9;;;;;;;;
"942";942;"11110030223";6;;;"11ELECOM3932";9;;;;;;;;
"943";943;"11110030233";6;;;"11ELECOM3945";9;;;;;;;;
"944";944;"11110030238";6;;;"11ELECOM3948";9;;;;;;;;
"945";945;"11110030253";6;;;"11ELECOM3960";9;;;;;;;;
"946";946;"11110030260";6;;;"11ELECOM4000";9;;;;;;;;
"947";947;"11110030262";6;;;"11ELECOM40093";9;;;;;;;;
"948";948;"11110030275";6;;;"11ELECOM40114";9;;;;;;;;
"949";949;"11110030279";6;;;"11ELECOM40214";9;;;;;;;;
"950";950;"11110030293";6;;;"11ELECOM40268";9;;;;;;;;
"951";951;"11110030313";6;;;"11ELECOM40393";9;;;;;;;;
"952";952;"11110030328";6;;;"11ELECOM40460";9;;;;;;;;
"953";953;"11110030345";6;;;"11ELECOM40573";9;;;;;;;;
"954";954;"11110030353";6;;;"11ELECOM40586";9;;;;;;;;
"955";955;"11110030370";6;;;"11ELECOM40646";9;;;;;;;;
"956";956;"11110030375";6;;;"11ELECOM40667";9;;;;;;;;
"957";957;"11110030378";6;;;"11ELECOM4078";9;;;;;;;;
"958";958;"11110030395";6;;;"11ELECOM41405";9;;;;;;;;
"959";959;"11110030799";6;;;"11ELECOM41414";9;;;;;;;;
"960";960;"11110033836";6;;;"11ELECOM4167";9;;;;;;;;
"961";961;"11110034024";6;;;"11ELECOM41670";9;;;;;;;;
"962";962;"11110034292";6;;;"11ELECOM4249";9;;;;;;;;
"963";963;"11110034373";6;;;"11ELECOM42524";9;;;;;;;;
"964";964;"11110034535";6;;;"11ELECOM43118";9;;;;;;;;
"965";965;"11110034587";6;;;"11ELECOM43760";9;;;;;;;;
"966";966;"11110034907";6;;;"11ELECOM44227";9;;;;;;;;
"967";967;"11110037839";6;;;"11ELECOM4652";9;;;;;;;;
"968";968;"11110037902";6;;;"11ELECOM47023";9;;;;;;;;
"969";969;"11110038061";6;;;"11ELECOM47260";9;;;;;;;;
"970";970;"11110038223";6;;;"11ELECOM47305";9;;;;;;;;
"971";971;"11110038227";6;;;"11ELECOM47877";9;;;;;;;;
"972";972;"11110038233";6;;;"11ELECOM47902";9;;;;;;;;
"973";973;"11110038408";6;;;"11ELECOM47995";9;;;;;;;;
"974";974;"11110038444";6;;;"11ELECOM4813";9;;;;;;;;
"975";975;"11110038500";6;;;"11ELECOM4834";9;;;;;;;;
"976";976;"11110038580";6;;;"11ELECOM4864";9;;;;;;;;
"977";977;"11110038632";6;;;"11ELECOM4877";9;;;;;;;;
"978";978;"11110038745";6;;;"11ELECOM4929";9;;;;;;;;
"979";979;"11110038752";6;;;"11ELECOM50122";9;;;;;;;;
"980";980;"11110039256";6;;;"11ELECOM5048";9;;;;;;;;
"981";981;"11110043319";6;;;"11ELECOM5076";9;;;;;;;;
"982";982;"11110043414";6;;;"11ELECOM5197";9;;;;;;;;
"983";983;"11110044152";6;;;"11ELECOM5250";9;;;;;;;;
"984";984;"11110044180";6;;;"11ELECOM5297";9;;;;;;;;
"985";985;"11110044255";6;;;"11ELECOM5325";9;;;;;;;;
"986";986;"11110044436";6;;;"11ELECOM5357";9;;;;;;;;
"987";987;"11110044460";6;;;"11ELECOM5394";9;;;;;;;;
"988";988;"11110047299";6;;;"11ELECOM5435";9;;;;;;;;
"989";989;"11110047320";6;;;"11ELECOM5448";9;;;;;;;;
"990";990;"11110047325";6;;;"11ELECOM5553";9;;;;;;;;
"991";991;"11110047375";6;;;"11ELECOM5628";9;;;;;;;;
"992";992;"11110047424";6;;;"11ELECOM5653";9;;;;;;;;
"993";993;"11110047433";6;;;"11ELECOM5697";9;;;;;;;;
"994";994;"11110047496";6;;;"11ELECOM5710";9;;;;;;;;
"995";995;"11110047518";6;;;"11ELECOM5835";9;;;;;;;;
"996";996;"11110047589";6;;;"11ELECOM5905";9;;;;;;;;
"997";997;"11110047694";6;;;"11ELECOM592";9;;;;;;;;
"998";998;"11110047739";6;;;"11ELECOM61";9;;;;;;;;
"999";999;"11110048196";6;;;"11ELECOM6301";9;;;;;;;;
"1000";1000;"11110048288";6;;;"11ELECOM6471";9;;;;;;;;
